{
  "alpha": 0.0001,
  "lambda_l1": 0.009437288763790979,
  "lambda_l2": 0.001823355571871469,
  "num_leaves": 26,
  "feature_fraction": 0.952438282655075,
  "bagging_fraction": 0.9500014063247866,
  "bagging_freq": 4,
  "min_child_samples": 26,
  "fit_intercept": true,
  "verbosity": -1,
  "num_epochs": 100,
  "tol": 0.001,
  "shuffle": true,
  "epsilon": 0.1,
  "learning_rate": 0.07947323128761007,
  "eta0": 0.01,
  "power_t": 0.23149142915161233,
  "validation_fraction": 0.1,
  "n_iter_no_change": 5,
  "warm_start": false,
  "average": false,
  "n_estimators": 100,
  "subset": null,
  "y_devide": 100000,
  "boosting_type": "gbdt"
}
