{
  "overall": {
    "MSE": 596707697.390018,
    "R2": 0.8857487329987408,
    "num_samples": 220.0
  }
}
